ID,Nombre,Goles
3,Obdulio Jacinto Muiños Varela,50
4,Juan Alberto Schiaffino Villano,98
5,Víctor Pablo Carlos Rodríguez Andrade,0
6,Óscar Omar Míguez,234
7,Roque Gastón Máspoli Arbelvide,0
8,Juan Eduardo Hohberg,255
9,Julio César Abbadie Gismero,148
10,Ernesto Sérvolo Vidal,97
11,Alcides Edgardo Ghiggia,48
12,Raúl Antonio Schiaffino,79
13,José Miguel Piendibene,256
14,Edmundo Acebedo,11
15,James Buchanan,12
16,Aniceto Camacho,29
17,Guillermo Davies,8
18,Ricardo De los Ríos,0
19,Anselmo Faustino Fabre,0
20,Francis Gorham Jackson,4
21,Alfredo Jones,0
22,Tomas Lewis,4
23,Carlos Lindemblat,6
24,Lorenzo Mazzuco Tuduri,0
25,Juan Pena,19
26,Juan José Scarrisbrick,1
27,Carlos Ward,1
28,Julio Barbero,2
29,Enrique Felipe Barruffa,2
30,James William Best,0
31,Jorge Canning,0
32,Guillermo Colombo,0
33,Julio Soisa,0
34,Dalmiro Vittori,0
35,Ceferino Camacho,2
36,Juan José Camacho,0
37,Luis Pronzetti,1
38,Amilcar Acevedo,1
39,Julio Dall' Orto,0
40,Eugenio Mañana,15
41,Luis Troison,0
42,Juan Villalba,0
43,Germán Arímalo,1
44,Eusebio Francisco Carbone Brune,0
45,Luis Irineo Carbone Brune,0
46,Pedro Carbone,0
47,Ángel Irisarri,0
48,Pedro Zibechi,36
49,Mario Devicenzi,0
50,Sagunto Espinosa,0
51,Jorge Lloyd,3
52,Guillermo Mathesson,0
53,Agustín Manito,23
54,Vicente Manito,0
55,Eleuterio Pintos,3
56,Leonard Crossley,0
57,Ernesto Palmer,1
58,Dardo Duncan Pereira,2
59,Alfredo Betucci,5
60,Felipe Juan Canavessi,55
61,John Harley,6
62,Juan Laguzzi,0
63,Víctor Legorburo,9
64,Carlos Scarone,42
65,Guillermo Manito,6
66,Julio López,1
67,Carlos Broggia,0
68,Pedro Casal,1
69,Luis Quaglia,34
70,Carlos Ronzoni,0
71,Julio Facello,0
72,Ernesto Andrés Raffo,0
73,Sábato Ángel Romano,12
74,Luis Solans,0
75,Máximo Plazaola,0
76,Antonio Campolo,64
77,Roberto Chery,0
78,Ernesto Cornú,0
79,Juan Roque Gesuele,9
80,Isabelino Gradín,73
81,Alfredo Granja,3
82,Luis Melgar,0
83,Jorge Pacheco,0
84,José Pérez,65
85,Pedro Rímolo,0
86,Domingo Bernardo Savio,1
87,Manuel Varela,4
88,Mario Viola,5
89,Antonio Bartolazzo,4
90,Augusto Delacroix,0
91,Alberto Romeo Elena,1
92,José Alfredo Lista,0
93,Julio Mallo,0
94,Armando Artigas,116
95,José Pedro Benincasa,1
96,Vicente Curto,1
97,Juan Delgado,4
98,Guillermo Ángel Ferrero,9
99,Carlos Leyenda,0
100,Carlos Antonio Márquez Castro,0
101,Juan Carlos Reggiardo,0
102,Pascual Ruotta,26
103,Juan Manuel Valverde,4
104,Juan Carazús,0
105,Américo Luchini,1
106,Juan Carlos Nappias,1
107,Miguel Bernardo Rognoni,0
108,Andrés Banchesse,0
109,Raul Constantino,0
110,Jesús Chans,0
111,Juan Pedro Arremón,60
112,Pedro Juan Balparda,0
113,Alberto Bonini,1
114,Juan Legnazzi,0
115,Carlos Mongelar,18
116,Juan Antonio Olivera,9
117,Conrado Donaldo Ross,4
118,José Suárez,0
119,Pablo Terevinto,252
120,Carlos Amatto Rinaldo,12
121,Emilio Cabrera,0
122,Pascual Guelmi,7
123,Alberto Jerjes,0
124,Juan Peralta,11
127,Antonio Aguerre,0
128,Arturo Fraga,5
129,Pascual Paola,30
130,Ladislao Pérez,39
131,José Posse,1
132,Andrés Ravera,0
133,Andrés Rodríguez,0
134,Feliciano Romero,0
135,Antonio Sacco,161
136,Gildeón Silva,7
137,Raúl Tognochi,5
138,Cirilo Estívez,0
139,Demis Dagosto,0
140,José Dagosto,14
141,Pablo Biscardi,0
142,Héctor Ferrando,0
143,Próspero Pérez,14
144,Juan Santero,1
145,Héctor Ardoguein,0
146,José Gervasio Artigas,3
147,Alfredo Boccardo,1
148,Lorenzo Fernández,45
149,Álvaro Antonio Gestido,11
150,Arturo Hohl,7
151,Juan Ramón Jaurreche,0
152,Ricardo Miramontes,0
153,Juan Necchi,12
154,Alberto Nogués,0
155,Fulgencio Ojeda,3
156,Ramón Olhagaray,5
157,Mario Portugal,1
158,Ángel Ramos,1
159,Carlos Juan Riolfo,0
160,Ángel Suárez,2
161,Arturo Suffiotti,31
162,Miguel Capuccini,0
163,Vicente Sarni,15
164,Juan Peregrino Anselmo,94
165,Carlos Otonello,0
166,Plácido Anselmo Pintado,15
167,Alfredo Toscano,0
168,Guillermo Boffi,0
169,Vicente Capuccio,3
170,Carlos Giúdice,15
171,Carlos Gringa,8
172,Eugenio Morasso,0
173,José Leandro Andrade,0
174,Arturo Cambra,0
175,Adhemar Canavessi,6
176,Oscar Carbone,13
177,Braulio Castro Sánchez,37
178,Venancio Castro,0
179,Galileo Chanes,0
180,Homero Fernández,0
181,Luis Gaitán,0
182,Ramón Irigaray,7
183,Guido Laino,0
184,Luis Mainardi,1
185,Ernesto Alberto Mascheroni,3
186,Luis Alberto Mata,58
187,Julio Oddo,0
188,Américo Pazos,0
189,Julio Pérez Serrés,2
190,Nicolás Riccardi,0
191,Pascual Ruggiero,5
192,Victoriano Santos Iriarte,22
193,Pedro José Young Sosa,85
194,Erebo Zunino,3
195,Basilio Aizcorbe,1
196,Enrique Pedro Ballestrero Griffo,0
197,Rogelio Barros,27
198,Adelaido Camaití,76
199,Alvaro Cañete,4
200,Héctor Cazenave,1
201,Jorge Enrique Clulow,2
202,Rodolfo Deagustini,0
203,Silvio Hoffmann,0
204,Luiz Mattoso Macedo,42
205,Víctor Martínez,3
206,Edmundo Mautone,1
207,Mario Méndez,0
208,Salvador Rubilar,1
209,José Alberto Taboada,45
210,Severino Varela Puente,129
211,Segundo Villadóniga,33
212,Mario Barrada,1
213,Pedro Lago,52
214,Carlos Scandroglio,0
215,Dalmiro Farías,0
216,Juan Giménez,0
217,Anselmo Lustemberg,6
219,Carlos Spósito,4
220,Juan Pedro Sténeri,0
221,Francisco Villegas,2
222,Julio Nicolás Barrios Cabrera,0
223,Miguel Ángel Lauri,4
225,Raúl Rodríguez,10
226,Horacio Tellechea,27
227,Luis Pedro Alberti,0
228,Juan Luis Bottyan,0
229,Ubaldo Cruche,24
230,Feliciano Freire,14
231,Plinio Garibaldi,0
232,Sebastián Guzmán,20
233,Héctor Mario Magliano,14
234,Francisco Palermo,13
235,Darío Oscar Piñero,0
236,Agustín Prado,0
237,César Rivero,0
238,Adolfo Rodríguez Barreto,1
239,Roberto Gregorio Scarone,0
240,Aníbal Traverso,2
241,Joaquín Bermúdez,0
242,Leonardo Jesús Cilaurrén Uriarte,2
243,Ricardo Charlón,0
244,Domingo Gelpi,73
245,Aurelio Gonnard,24
246,Agenor Muñiz,0
247,Antonio Ángel Núñez,9
248,José María Ortíz,14
249,Lorenzo Pino,54
250,José Antonio Vázquez,100
251,Raúl Florio Ameal,2
252,Óscar Chirimini Rubilar,51
253,Julián Gutiérrez,7
254,Ángel Ricardo Laferrara,25
255,Rodolfo Domingo Lazarte,1
256,José María Ortiz,31
257,Juan Tejera,8
258,Luis Alberto Vecino,0
259,Pedro Washington Vigorito,10
260,Elmo Bovio,15
261,Leofar Cámera,3
262,Homero Canti,3
263,José Pedro Colturi,2
264,Washington Díaz,18
265,Sergio Dumpiérrez,0
266,Enrique Flamini,3
267,Anito Do Carmo Lopes,15
268,Mario Lorenzo,2
269,Máximo Olivera,1
270,Santiago Oubiñas,1
271,Rubens Perdomo,2
272,Flavio Pereyra Nattero,0
273,Walter Pereyra,0
274,Silvestre Pisa,3
275,Sixto Valentín Possamai,0
276,João Bautista Sequeira Lima,0
277,Manuel Ortiz,0
278,Juan Pablo Pérez,2
279,Luis Prais,1
280,Adhemar Romero,0
281,Juan Carlos González,5
282,Heriberto Olivares,2
283,Manuel Sanguinetti,0
284,Julio César Britos Vázquez,41
285,Carlos Gutiérrez,8
286,Gerardo Spósito,2
287,Hugo Villamide,24
288,Esteban Da Silva,1
289,Nicolás Falero,43
290,Manuel Vidal,9
291,Darwin Casco,0
292,Noé Del Horno,0
293,José Etchegoyen,4
294,Enrique Hugo,0
295,Washington Ortuño,9
296,Juan Pedro Riephoff,14
297,Isabelino Ismael Rodríguez,0
298,Yeso Amalfi,3
300,César Manuel Rodríguez,1
301,Mirto Lenin Davoine,1
302,Carlos Luis Borges,82
303,Ismael Cabrera,2
304,Dante De Simone,2
305,Américo Natalio Galván,50
306,Omar Medina,3
307,Luis Alberto Miramontes,0
308,Gumersindo Morales,0
309,Marcelo Pereyra,0
310,Manuel Verdes,0
311,Casimiro Yankowiecz,0
313,Joel Alberto Romero,0
314,Héctor Mario Uzal,0
315,Bernabé Fausto,0
316,Juan Manuel Romay,70
317,Luis Bayón,3
318,Felipe Carrizo,1
319,Antonio Dimitrio,0
320,Roberto Guelmo,0
321,Ernesto Sebastián Ledesma,16
322,Teófilo Martínez,3
323,Pedro Nardelli,4
324,Fabiano Pereyra,2
325,Fermín Sosa,5
326,Osvaldo César Balseiro Bessonart,18
327,Horacio Eirín,1
328,Carlos Esteban González,6
329,Ángel Omar Miranda,6
330,Donald Peláez,8
331,Rodolfo Pippo,30
332,Roberto Francisco Vanoli,5
333,Roberto Francisco Gonzalvo,9
334,Teodoro Antonio Cherro,2
335,Roque Fernández,0
336,Juan Carlos González Plada,9
337,José María Milán,17
338,Carlos Rosas Riolfo,0
339,Jorge José Arteaga,1
341,Juan Carlos García,3
342,Juan José García,11
343,Luis Conrado Borghini,0
344,Roberto José Saba,0
345,Mauricio Aguirre,0
346,Milton Alves Da Silva,5
347,Juan Burgueño Pereira,2
348,Ubaldo Faina,0
349,Luis María Maidana,0
350,William Rúben Martínez,12
351,Elio Rubén Montaño,68
352,Samuel Orellano,0
353,Julio César Toja,9
354,Darwin Varela,2
355,Elías Barrios,1
356,Óscar Leicht,20
357,Fernando Varela,16
358,Nicola Adamo,0
359,Julio César Araújo,5
360,Carmelo Charletto,0
361,Walter Davoine,0
362,Eladio De Souza,0
363,Néstor Gonçálves,12
364,Carlos Meyer,0
365,Nelson Alfredo Monzón Sisurqui,3
366,Ramón Peña,1
367,Nery Quinteros,0
368,Walter Hugo Aguerre Eboli,8
369,Rodger Milton Bernardico,0
370,Nelson Omar Cancela,5
371,Rúben Mario Cocchinello,8
372,Luis Alberto Cubilla Almeida,48
373,Alberto Nicolás Evaristo,3
374,José Roberto García,19
375,Alberto Nery Hein,1
376,Francisco Majewski,0
377,Estanislao Malinowsky,1
378,Ángel Omarini,8
379,Walter Pérez,3
380,Santiago Rúben Pino,2
381,Roberto Roche,4
382,Braulio María Roldán,0
383,Carlos Suárez Lisboa,3
384,Júpiter Crescio,27
385,José María Griecco,14
386,Carlos Abel Linazza,16
387,Rúben Agustín Martínez Toledo,5
388,Alfredo Moscarelli,1
389,Víctor Pereyra,6
390,Alberto Pedro Spencer,326
391,Roberto Matosas Postiglione,22
392,Guillermo Pedra,4
393,Ángel Ruben Cabrera Santana,88
394,Núber Dante Cano,3
395,Pedro Ramón Cubilla,0
396,José María Iriarte,17
397,Pedro Virgilio Rocha,214
398,Edgardo Nilson González,1
399,Juan Víctor Joya Cordero,112
400,José Francisco Sasía,75
401,Matias Zelmar Aguirregary Guruceaga,9
402,Maximo David Alonso Fontes,1
403,Agustín Álvarez Martínez,34
404,Agustín Álvarez Wallace,0
405,Ramón Ginés Arias Quintero,5
406,Pablo Daniel Ceppelini Gatto,18
407,Alejo Cruz Techera,0
408,Kevin Emiliano Dawson,0
409,Edgar Joel Elizalde,0
410,Walter Alejandro Gargano,4
411,Ignacio Jesús Laquintana,10
412,Bryan Olivera,0
413,Cristian Gonzalo Olivera,0
414,Juan Manuel Ramos,6
415,Rodrigo Agustín Saravia,4
416,Rodrigo Abascal Barros,2
417,Rúben Daniel Bentancourt Morales,14
418,Ezequiel Busquets Sanguinetti,1
419,Agustín Canobbio Graviz,14
420,Agustín Da Silveira,1
421,Fabricio Orosmán Formiliano,18
422,Gonzalo Freitas,0
423,Nicolás Walter Gaitán,0
424,Nicolás García,0
425,Giovanni Alessandro González,7
426,Gary Christofer Kagelmacher,7
427,Franco Nicolás Martínez,2
428,Damián Marcelo Musto,0
429,Ariel Gerardo Nahuelpán,5
430,Victorio Maximiliano Pereira,1
431,Joaquin Piquerez,0
432,Carlos Emilio Rodríguez,3
433,Diego Valentín Rodríguez,2
434,Nicolás Rossi,3
435,Nicolás Schiappacasse,0
436,Miguel David Terans,25
437,Facundo Daniel Torres,19
438,Jesús Emiliano Trindade,5
439,Alvino Volpi Neto,0
440,Darío Cottiga,5
441,Luis Gutiérrez,0
442,Juan Vicente Lezcano,0
443,José Rótulo,0
444,Guillermo Varela,0
445,Lucas Camilo Hernández,14
446,Fabián Larry Estoyanoff Poggio,67
447,Cristian Rodríguez,54
448,Cristian Brandon Martín Palacios,40
449,Fidel Francisco Martínez,4
450,Maximiliano Rubén Rodríguez,16
451,Ricardo Guzmán Pereira,1
452,Gabriel Matías Fernández,21
453,Mathías Corujo Díaz,6
454,Rodrigo Rojo,2
455,Rodrigo Andrés Piñeiro,5
456,Brian Rodríguez,3
457,Luis Eduardo Maldonado,0
458,Enzo Gabriel Martínez,2
459,Marcel Novick,2
460,Thiago Gastón Cardozo Brugman,0
461,Kevin Lewis,1
462,Marcos Matías De los Santos,4
463,Darwin Gabriel Núñez,5
464,Carlos Matheu,0
465,Lucas Ezequiel Viatri,21
466,Ignacio Lores Varela,5
467,Pedro Antonio Cabral Filartiga,12
468,Omar Caetano Otero,16
469,Carlos Walter Fernández Carranza,9
470,Ricardo Morán,0
471,Moacyr Claudinho Pinto,21
472,Alberto Urbano,0
473,Obdulio Aguirre,7
474,Oscar Milber Barreto Bermúdez,6
475,Carlos César Bogni,0
476,Nil Roque Chagas,0
477,Sergio Delfino,0
478,Luis Alberto Fontora,8
479,Héctor César Martínez Toledo,5
481,Héctor Jesús Silva,81
482,Beltrán Sosa,2
483,Walter Sosa,6
484,Luis Alberto Varela,0
485,Jesús Villalba,1
486,Yeferson Agustín Quintana,3
487,Fabián Píriz,1
488,Diego Martín Rossi,13
489,Rodrigo Hernán Petryk,3
490,Gastón Rodríguez,22
491,Alex Silva,0
492,Gastón Guruceaga,0
493,Nicolás Dibble,7
494,Iván Villalba,1
495,Nahitan Michel Nández,8
496,Ángel Leonardo Rodríguez,0
497,Junior Gabriel Arias Cáceres,13
498,Mauricio Affonso Prieto,8
499,Luis Urruti,2
500,Lucas Daniel Cavallini,6
501,Maximiliano Perg,0
502,Freddy Matías Mier,5
503,Juan Martín Boselli Duque,1
504,Ronaldo Conceição Silveira,0
505,José Luis Ayala,0
506,Mario Sergio Catalá Chelle,6
507,Eduardo García,0
508,Néstor Labastié,2
509,Héctor Casildo Maciel,1
510,Juan Carlos Masnik,0
511,Mario Minetti,0
512,Miguel Ángel Reznik,29
513,Walter Simoncelli,0
514,Enrique Nelson Alfano,18
515,Rúben Dávila,0
516,Milton Días,3
517,Nelson Díaz,3
518,Pablo Justo Forlán,9
519,Ladislao Mazurkiewicz,0
520,Carlos Adrián Valdéz,4
521,Rodrigo Viega,3
522,Gonzalo Viera,4
523,Diogo Silvestre Bittencourt,4
524,Sebastián Gerardo Píriz,10
525,Federico Santiago Valverde,0
526,Luis Bernardo Aguiar Burgos,37
527,Diego Martín Forlán,11
528,Diego Ifrán,5
529,Hernán Novick,13
530,Marcelo Danubio Zalayeta,76
531,Washington Emilio Mac Eachen,2
532,Gabriel Leyes,11
533,Nicolás Gabriel Albarracín Basil,7
534,Carlos Martín Luque,1
535,Jonathan Sandoval,2
536,Gianni Daniel Rodríguez,0
537,Guillermo Daniel Rodríguez,4
538,Tomás Alberto Costa,1
539,Maximiliano Martín Olivera,9
540,Miguel Ángel Murillo,10
541,Fabrizio Buschiazzo Morel,0
542,Carlos Andrés Rodales,0
543,Andrés Nicolás Freitas,4
544,Cristian Franco Lema,4
545,Luis Miguel Acevedo Tabárez,13
546,Maximiliano Rodríguez Maeso,4
547,Juan Manuel Izquierdo,0
548,Julio César Cortés Lagos,27
549,Wilmar Etchechury,13
550,Alberto Ferrero,10
551,Pío Tabaré González,3
552,Jonathan Matías Urretaviscaya,17
553,Pablo Alejandro Migliore,0
554,Joe Emerson Bizera Bastos,12
555,Jorge Marcelo Rodríguez,12
556,Facundo Rodríguez,1
557,Antonio Pacheco,201
558,Juan Manuel Olivera,40
559,Emiliano Albín Antognazza,3
560,Damián Macaluso,5
561,Enrique Alberto Bologna Gómez,0
562,Leandro Gelpi,0
563,Juan Daniel Álvez Ortíz,0
564,Alejandro Damián González,1
565,Jonathan Alejandro Siles,5
566,Octavio Darío Rodríguez,42
567,Sebastián Cristóforo,4
568,Aureliano Torres,2
569,Rodrigo Sebastián Vázquez,0
570,Jorge Zambrana,7
571,Carlos Javier Grossmüller,0
572,Jorge Nicolás Raguso,0
573,Jim Morrison Varela,0
574,Sebastián Agustín Gallegos,2
575,Horacio Joaquín Aguirre Santellán,0
576,Rodrigo Pastorini,6
577,Nicolás Ramírez,0
578,Danilo Emanuel Lerda,0
579,Ignacio Nicolini,0
580,Carlos Rodrigo Núñez,14
581,Miguel Ángel Amado Alaníz,0
582,Héctor Baltasar Silva,2
583,Walter Alberto López,2
584,Mauro Raúl Fernández,3
585,Agustín Camilo Barán Flangini,0
586,Nilo Humberto Acuña Bordaborria,64
587,Francisco Eugenio Bertocchi Fernández,29
588,Antonio De Lucca,0
589,Nelson Hernández,19
590,Mario Omar Méndez,9
591,Nelson Presente,0
592,Carlos Santiago Rodríguez Alves,8
593,Rafael Sánchez,0
594,Walter Taibo,0
595,Carlos Sebastián Sosa,0
596,Gastón Ramírez,10
597,Rúben Ariel Olivera,8
598,Sergio Daniel Órteman,1
599,Edigio Raúl Arévalo Ríos González,7
600,Marcel Román,1
601,Alejandro Hernán Martinuccio,18
602,Jonathan Rafael Ramis,11
603,Diego Martín Alonso López,21
604,Marcelo Sosa,3
605,Silvio Bosco Frontán,1
606,Wilinton Techera,0
607,Hamilton Pereira,0
608,Gonzalo Noguera,0
609,Julio Fabián Mozzo,7
610,Gonzalo de los Santos,9
611,Maximiliano Bajter Ugollini,4
612,Róbson Xavier,0
613,Braian Rodríguez,6
615,Ignacio Ithurralde,2
616,Yefferson Moreira,0
617,Rodrigo Alberto Álvez Fonseca,0
618,Esteban Beracochea,1
619,Luis Duarte,7
620,Elías Ricardo Figueroa,7
621,José Garrido,0
622,Julio Daniel Losada,30
623,Alfredo Lozano,0
624,Julio José Rodríguez,0
625,Héctor Ignacio Santos,0
626,Néstor Orlando Soria,0
627,Juan José Vasconcellos,0
628,Néstor Martín Errea,0
629,Jorge Antonio Acuña Antúnez,4
630,Roberto Julio Gil,2
631,José Ricardo Moss,0
632,Carlos Alfredo Ríos,4
633,Yamandú Solimando,0
634,Nicolás Fernando Biglianti Ruiz,0
635,Gerardo Alcoba Rebollo,11
636,Matías Eduardo Manrique,3
637,Alvaro Maximiliano Arias Invernizzi,2
638,Federico Pérez,1
639,Mario Andrés Álvarez García,0
640,Fernando Edgardo Correa Ayala,9
641,José María Franco,102
642,Carlos Heber Bueno Suárez,165
643,Diego Manuel Rodríguez,3
644,Marco Antonio Garcia Nascimento,1
645,Carlos Richard Díaz,0
646,Omar Mario Pérez,1
647,Sergio Maximiliano Pérez,5
648,Gonzalo Salgueiro,0
649,Paul Fernando Carrera Velastegui,5
650,Carlos Castro,1
651,Manuel Carlos Fonseca,1
652,Ernesto Guerrini,0
653,Ermindo Ángel Onega,53
654,Alfredo Hugo Rojas,6
655,José Luis Lamberck,17
656,Milton Viera Rivero,19
657,Nelson Bonifacio Acosta López,5
658,Rúben Romeo Corbo Burmia,38
659,Walter Luis Corbo Burmia,0
660,Hugo Daniel Fernández,1
661,Mario Walter González,12
662,Julio César Jiménez,39
663,Alfredo Luis Lamas,10
664,Mario Eduardo Liuzzi,7
665,Carlos Luthar,0
666,Fernando Morena,452
667,William Noble,10
668,Walter Daniel Olivera,23
669,Daniel Oscar Quevedo,77
670,Eduardo Rivera,2
671,Miguel Ángel Russo,0
672,Rodolfo Ariel Sandoval,1
673,Juan Ramón Silva,27
674,Lorenzo Unánue,61
675,Orlando Virgili,1
676,Agustín Dávila,0
677,Juan Manuel Acosta Díaz,0
678,Robert Arzola,10
679,Jorge Barboza,8
680,José Pedro Custodio,9
681,Jorge Daniel Fossati,0
682,Norberto José Galilea,20
683,Voltaire García,2
684,Luis Garisto,1
685,Carlos Eduardo Peruena,2
686,Alberto Raúl Santelli,26
687,Mario Sergio Zoryez,4
688,José Eduardo Cruz,13
689,Laddy Nitder Pizzani,46
690,Agapito Rivero,2
691,Carlos Yaguno,2
692,Gustavo Faral,1
693,Uruguay Píriz,0
694,Rúben Umpiérrez,5
695,Eduardo Del Capellán,3
696,Víctor Hugo Diogo,16
697,Juan José Duarte,0
698,Ildo Enrique Maneiro,35
699,Juan Vicente Morales,8
700,Rúben Walter Paz,76
701,Venancio Ariel Ramos,95
702,Fernando Harry Álvez Mosqueras,0
703,Alberto Daniel Brailowsky Poliak,1
704,Juan Ignacio De Jesús,8
705,Gustavo Dittman,4
706,Wilson Kénez,0
707,Miguel Leone,0
708,Manuel Enrique Anzorena Ribeiro,4
709,Julio Franco,2
710,Nelson Luis Marcenaro,4
711,Ricardo Pagola,0
712,Mario Daniel Saralegui,23
713,Rodolfo Olegario Abalde Eychenique,24
714,Luis Enrique Alliette,0
715,Walter Álvarez,0
716,Miguel Ángel Bossio Bastianini,7
717,Domingo Rufino Cáceres Olivera,1
718,Heber Omar González,3
719,Hugo Miñan,0
720,José Alberto Moreno,1
721,Enrique Washington Olivera Castro,10
722,Eduardo Pérez,0
723,Oscar Quinteros,0
724,Ernesto Vargas,50
725,Alfredo Carlos Arias Sánchez,22
726,Jacinto Fernando Baptista,3
727,Edison González,5
728,Jorge Lasalvia,1
729,Juan Francisco Muhlethaler,2
730,Eduardo Pierri,3
731,Daniel Cáceres,2
732,Dámaso Antonio Clavijo,1
733,Goodenough Wallace Nkomo,0
734,Roland William Marcenaro,3
735,Mboneni Abednigo Ngcobo,0
736,Saúl Lorenzo Rivero,3
737,John Nketia Yawson,9
738,Miguel Falero,4
1618,Enrique Raúl Carrera,0
1619,Jorge López,0
1620,Alexis Wilman Noble,5
1621,Ricardo Alberto Ortíz,3
1622,Miguel Ángel Peirano,24
1623,Miguel Ángel Piazza,1
1624,Daniel Gregorio Rodríguez,67
1625,Carlos Alfredo Yaluk,12
1626,José Luis Zalazar,42
1627,Carlos Alberto Arias,1
1628,Jair Gonçálves Prates,11
1629,Nelson Daniel Gutiérrez,11
1630,Néstor Mario Montelongo,3
1631,Carlos Reyes,2
1632,Miguel Rivero,0
1633,Gustavo Daniel Fernández,0
1634,Walkir Silva,28
1635,Miguel Eduardo Abib,4
1637,Doroteo Luis Silva,1
1638,Damián Frascarelli,0
1639,Sergio Javier Clavero Medina,5
1640,Ricardo Cuayatto,1
1641,Néstor Gonçálves,1
1642,José Batlle Perdomo,19
1643,Julio César Pereira,1
1644,Jorge Pérez,0
1645,Oscar Rodríguez,1
1646,Próspero Silva,3
1647,Robert Walter Sosa,0
1648,José Ignacio Villarreal,8
1649,José Alberto Batista González,6
1650,Jorge Caraballo,7
1651,Gary Castillo,2
1652,José Oscar Herrera,41
1653,Rubens Jacob,14
1654,Gerardo Daniel Pilas,8
1655,Hebert Carlos Revetria,20
1656,Gerardo Washington Rodríguez,1
1657,Marcelo Gustavo Rotti,5
1658,Antonio Valentin Alzmendi Casas,15
1659,Julio César Canessa Zucco,1
1660,Héctor Correa,0
1661,Eduardo Da Silva,34
1662,Alfonso Enrique Domínguez,1
1663,Luis Enrique Guelmo,6
1664,Víctor Hurtado,4
1665,Sergio Daniel Oddine,9
1666,Eduardo Pereira,0
1667,Eliseo Rivero,4
1668,Gustavo Daniel Salgado,1
1670,Obdulio Eduardo Trasante,6
1671,Daniel Alejandro Vidal,34
1672,Ricardo Lindolfo Viera,46
1673,Juan Alberto Acosta Silva,5
1674,Luis Alberto Acosta Rodríguez,3
1675,Diego Vicente Aguirre Camblor,71
1676,Juan Pedro Rabino,0
1677,José Luis Russo,6
1678,José María Freire,0
1679,Jorge Miguel Gonçálves,11
1680,Juan José González,10
1681,Walter Hernández,5
1682,Álvaro Roberto Izquierdo,10
1683,Daniel Libonatti,0
1684,Gustavo Christian Matosas,8
1685,Sergio Daniel Pírez,0
1686,Miguel Ángel Santos,0
1687,Jorge Milton Villar,14
1688,Jorge Daniel Cabrera Curbelo,12
1689,Juan Carlos Paz,5
1690,Carlos Alberto Aguilera Novas,87
1691,Adolfo Barán Flis,53
1692,Néstor Gabriel Cedrés Vera,121
1693,Rúben Fernando Dos Santos,1
1694,Óscar Julio Ferro,0
1695,Danilo Baltierra Cravi,13
1696,Pablo Javier Bengoechea Dutra,188
1697,Raúl Federico Bergara Pintos,0
1698,Gustavo Ramón Da Silva,0
1699,José Enrique De los Santos,13
1700,Diego Martín Dorta,17
1702,Robert Lima,17
1703,Andrés Javier Martínez,23
1704,Nelson Artigas Olveira,1
1705,Marcelo Alejandro Otero,53
1706,Darwin Ariel Quintana,2
1707,Gerardo Daniel Rabajda,0
1708,Gustavo Rehermann,7
1709,Jorge Martín Rodríguez,36
1710,Debray Darío Silva,61
1711,Washington Eduardo Tais,14
1712,Óscar Osvaldo Aguirregaray Acosta,11
1713,Gerardo Federico Magallanes,22
1714,Gabriel Marzoa,0
1715,José Luis Odriozola,0
1716,Luis Alberto Romero,84
1717,Nicolás Ezequiel Rotundo,22
1718,Augusto Consani Mathon,0
1719,Heberley Sosa,11
1720,Boris Carlos Silva Acuña,2
1721,Marcelo Carlo Broli Gorgoroso,1
1722,Martín Alejandro García,45
1723,Andrée Aníbal González,13
1724,Sergio Antonio Martínez,0
1725,José Carlos Cancela Durán,8
1726,Marcelo Alejandro De Souza,50
1727,Claudio Sebastián Flores,0
1728,Rúben Fabián Pereira,5
1729,Oscar Vallejo,0
1730,Sergio William Navarro,0
1731,Carlos Favier Soca,1
1732,Edgardo Alberto Adinolfi,4
1733,Daniel Ignacio Borjas,6
1734,Marcelo Enrique De los Santos,0
1735,Sebastián Denegri,0
1736,Darío Larrosa,0
1737,Carlos Germán Macchi,1
1738,Carlos Emanuel Priario,0
1739,Washington Alexis Viera,0
1740,Juan Carlos De Lima,22
1741,Serafín Fabricio García,14
1742,Álvaro Fabián Perea,0
1743,Pablo Enrique Quiñones,1
1744,Clever Marcelo Romero,11
1745,Luis Alejandro De Agustini,0
1746,Fernando Adrián Alberto Ocampo,0
1747,Luciano De Jesús Barboza,4
1748,Federico Martín Elduayen,0
1749,Walter Gerardo Pandiani,64
1750,Mario Rafael Barilko Carro,2
1751,Fernando Carreño Colombo,0
1752,Josemir Lujambio,9
1753,Gabriel Hernán Rojas,0
1754,Christian Daniel Bravo Areneda,2
1755,Facundo Pellistri,3
1756,Francisco Jiménez Tejada,7
1757,Krisztián Vadócz,0
1758,Elcio Martín Correa Rodríguez,0
1759,Denis César Olivera,1
1760,Robert Fabián Herrera,0
1761,Matías Britos Cardoso,8
1762,Sergio Núñez,2
1763,Nicolás Franco,0
1764,Mathías Pintos,0
1765,Ezequiel Mechoso,0
1766,Misael Riascos,0
1767,Fabián Andrés Césaro,7
1768,Guillermo Gonzalo Giacomazzi,10
1769,Mario Evaristo Leguizamón,16
1770,Adrián Berbia Pose,0
1771,Néstor Fabián Canobbio Bentaberry,48
1772,Sergio William Leal,12
1773,Tomás Walter Pereira,0
1774,Leonel Eduardo Pilipauskas,4
1775,Álvaro Pintos,13
1776,Edgardo Sebastián Álvarez,5
1777,Joseph Akongo,6
1778,Jorge Daniel Casanova Curbelo,3
1779,Fernando Jorge Fajardo,1
1780,Pablo Daniel Gaglianone,6
1781,Daniel Ángel Jiménez,36
1782,Marcelo Milano,0
1783,Martín Sebastián Rivas,0
1784,Esteban Gabriel Ávalos Stumpfs,1
1785,Matheus Simonete Bressanelli,1
1786,Mathías Rodríguez,0
1787,Edgar Anthony Álvarez Reyes,0
1788,Mariano Adrián Bogliacino Hernández,1
1789,José Luis Félix Chilavert González,4
1790,Guillermo Díaz,0
1791,Diego Javier Emanuelle,1
1792,Sebastián Juárez,0
1793,Eduardo Alejandro Lago,0
1794,Luiz Fernando Nunes,5
1795,Ignacio Quirino,0
1796,Bryan Ignacio Winsker,0
1797,Danilo Elvis Turcios,0
1798,Álvaro Darío Alonso Llanes,1
1799,Adrián Apellaniz García,7
1800,Alejandro Adrián Correa Rodríguez,0
1801,Carlos Andrés Diogo,4
1802,Cristian Mario González,0
1803,Williams Daniel Hernández,0
1804,Jean Jacques Pierre,3
1805,Gonzalo Pizzichillo,7
1806,Alejandro Reyes,0
1807,Jonathan Javier Rodríguez,23
1808,Alejandro Silva,0
1809,Washington Omar Aguerre Lima,0
1810,Pablo Martín Lima,0
1811,Mario Iván Guerrero Ramírez,1
1812,Gerardo Larrosa Brasesco,0
1813,Jorge Horacio Serna Castañeda,5
1814,Jorge Sebastián Varela,0
1815,Ronald Andrés Ramírez,1
1816,Marcos Marcelo Tejera,7
1817,Pablo Oscar Cavallero Rodríguez,0
1818,Jonathan Píriz,0
1819,Danilo Asconeguy Ruiz,2
1820,Richard Darío Núñez,9
1821,Maximiliano Lombardi,2
1822,Nicolás Mario Domingo,0
1823,Santiago Solari,0
1824,Cristian Mejía,2
1825,João Pedro Geraldinho Dos Santos,7
1826,Facundo Jeremías Guichón,2
1827,Sebastián Rosano,3
1828,Nicolás Andrés Amodio Alanis,0
1829,Rodrigo Nicanor Mora,12
1830,Marcelo Silva,2
1831,Maximiliano Daniel Pérez,6
1832,Héctor Fabián Carini Hernández,0
1833,Mauro Guevgeozián,0
1834,Santiago Silva,9
1835,Juan Guillermo Castillo Iriart,0
1836,Paolo Hurtado,0
1837,Javier Toledo,2
1838,Augusto Medina,0
1839,Maximiliano Gómez,0
1840,Adrián Gunino,0
1841,Édison Eliazer Torres,1
1842,Gastón Poncet,1
1843,Federico Gastón Carrizo,1
1844,Brian Mansilla,3
1845,Facundo Bonifazi Castro,0
1846,Hernán Menosse,4
1847,Bruno Montelongo,1
1848,Jonathan López,0
1849,Héber Mathias Collazo García,0
1850,Santiago Mastrángelo,0
1851,Álvaro Márquez,0
1852,Abel Matías Hernández,15
1854,Luis Ignacio Medina,4
1855,Islam Kanan,0
1856,Fernando Jesús González,0
1857,Guillermo Martín Reyes,0
1858,Marcelo Fabián Méndez,0
1859,Juan Ignacio Silva Cerón,0
1860,Paulo César Pezzolano,0
1861,Nicolás Ignacio Vigneri,24
1862,Audu Mohammed,0
1863,Leonardo Fabio Moreno Cortés,1
1864,Sebastián Galán,0
1865,Arnulfo Valentierra,2
1866,Gonzalo Daniel Lemes,0
1867,Ramiro Washington Bruschi,0
1868,Mauricio Daniel Centurión Himber,0
1869,Omar Heber Pouso,2
1870,Rónald Paolo Montero,4
1871,Juan Manuel Ortiz,3
1872,Rúben Oscar Capria Labiste,6
1873,Silvio Mendes,10
1874,Enzo Ruiz,0
1875,Alberto Martín Acosta Martínez,15
1876,Alejandro Delorte,7
1877,José Pedro Cardoso González,4
1878,Darío Antonio Flores,3
1879,Damián Santana,0
1880,Sebastián Pereyra,0
1881,Rodrigo Martín Cubilla,0
1882,Diego Morena,1
1883,Miguel Angel Lavié,0
1884,Diego Andrés Casamán Ortega,0
1885,Ricardo Möller,0
1886,Darío Vera,0
1887,Fernando Fadeuille,2
1888,Carlos García,0
1889,Walter Fernando Guglielmone,4
1890,Nelson Sebastián Maz,3
1891,Juan Ángel Obelar,0
1892,Elías Ferreira,4
1893,Paolo Jonathan Ferreira Álvez,0
1894,Gustavo Latrónico,0
1895,Matías Damián Alonso Vallejo,0
1896,Junior Izaguirre,0
1897,Roberto Ronald Brown Perea,1
1898,Félix García,0
1899,Eduardo Daniel Mieres,4
1900,Juan José Blanco Dili,0
1901,José Pablo Russo,4
1902,Daniel Horacio Pereira,1
1903,Leonardo Alfredo Ramos,0
1904,Diego Fernando Pérez,2
1905,Hamilton Herrera,0
1906,Daniel Eduardo Baldi Alfonso,0
1907,Gabriel Ramírez,0
1908,Claudio Marcelo Guerra,6
1909,Pablo Gabriel García Pérez,0
1910,Luis Carlos Sánchez,9
1911,Ernesto Mariano Gómez,0
1912,Carlos Gabriel Correa Viana,1
1913,Carlos Gabriel Pérez,0
1914,Waldemar Dumás Cáceres Roldán,6
1915,Ricardo Sergio Soria,2
1916,Ariel Pintos,0
1917,Sergio Blanco,0
1918,Jorge Alberto Peralta,1
1919,Luis Speranza,0
1920,Elgar Alfredo Baeza,0
1921,Alberto Martínez,4
1922,Óscar Joffre Zubía,1
1923,Luis Villalba,25
1924,Alcides Edgardo Bombi,6
1925,Luis Alberto Díaz,5
1926,Raúl Osvaldo Castronovo Zanón,44
1927,Edison Amoroso,5
1929,Julio Luccini,2
1931,Richard Armán,2
1932,Jorge Álvarez,1
1933,Nelson Ruben Moraes,0
1934,Carlos Cayetano Simaldone,15
1935,Albert Fay,0
1936,Jorge Rodríguez Rodríguez,0
1937,Pedro Catalino Pedrucci,6
1938,Marcelo José Fabián Asteggiano Bertolini,1
1939,Fernando Daniel Rosa,1
1940,Euler Selvino Correa,1
1941,Néstor César Blanco Correa,0
1942,Ramón Víctor Castro García,0
1943,Edgardo Martínez,0
1944,Leonardo García,3
1945,Víctor Manuel López,16
1946,Alejandro Mitarian,0
1947,Álvaro Marenco,0
1948,Gonzalo Lizardo Díaz,0
1949,Sergio Recoba,1
1950,Jesús Leal,0
1951,Jairo O'Neill,0
1952,Héctor Tuja,0
1953,Robert Dante Siboldi,0
1954,Washington Leonardo Hernández Tejera,0
1955,Sergio Umpiérrez,0
1956,Carlos Eduardo Vázquez,0
1957,Juan Ramón Carrasco Torres,6
1958,Claudio Dario Biaggio,1
1959,Pablo Alejandro Correa Velázquez,11
1960,Mauricio Joselito Silvera,5
1961,Gustavo Lucas,0
1963,Sergio Rodolfo Santín,3
1964,Washington Alejandro Méndez,1
1965,Javier Centurión,0
1966,William Adrián Castro Rosso,1
1967,Sergio Daniel Martínez,20
1968,Sergio Antonio Panzardo,0
1969,Armando Dely Valdés,3
1970,Roy Antonio Francis Myers,5
1971,Paulo Alves Terresende,15
1972,César Fernando Silvera,14
1973,Adrián Gustavo Paz,24
1974,Gustavo Ferreyra,13
1975,Julio Diego Ciappessoni,0
1976,Carlos Alejandro Díaz,0
1977,Camilo Lauria,1
1978,Jacinto Javier Cabrera López,1
1979,Julio César Rodríguez Secco,2
1980,Daniel Florencio Sánchez Nuñez,0
1981,Arsenio Silvero,1
1982,Matías Omar Pérez,1
1983,Luis María Romero,0
1984,Nicolás Milesi,0
1985,Matías González,0
1986,Luciano Fernández,0
1987,Jhonatan Lima,0
1988,Agustín Alaníz,0
1989,Matías Bentos-Pereira Colombo,0
1990,Pablo López,0
1991,Francisco Ricardo Frioni,0
1992,Juan Enrique Tea,0
1993,João Antonio De Almeida,5
1994,Raimundo Bibiani Orsi,2
1995,Luis María Agustín Rongo,18
1996,Juan Carlos Peri,0
1997,José María Minella,0
1998,Miguel Ángel Lariccia,3
1999,Fabio Juan Cassán,7
2001,Guido Baztarrica,12
2003,Juan José Mónaco,3
2004,Braulio Alberto Galeano,1
2005,Daniel Oscar Melgarejo,2
2006,Rúben Adalberto Bianchini,2
2007,Carlos María Conde Méndez,0
2008,Carlos Hugo Lentino,0
2009,Carlos Julio Cháves,2
2011,Ilija Petkovic,0
2012,Julián Eduardo Bonifacino,0
2013,José Luis Saldaño,1
2014,Washington Olivera Machado,4
2015,Ismael Sabino,3
2017,Daniel Alberto Enríquez,0
2018,Santiago Javier Ostolaza,0
2019,Juan Carlos Cabanillas,0
2020,Tidio Perdomo,0
2021,Sergio Ariel Peluffo,1
2022,Oscar Omar Vignolo,1
2023,Richardson Smith,0
2024,José Alberto Percudani,5
2025,José Adão Fonseca,4
2027,Jorge Luis Cazulo,0
2028,Álvaro Eduardo Gutiérrez,0
2029,Octavio Agustín Colo González,0
2030,Adriano Freitas,0
2031,Gonzalo Daniel Camargo Pintos,0
2032,Kevin Méndez,7
2033,Brian Lozano,1
2034,Yonatthan Rak,2
2035,Billy Vladimir Arce Mina,0
2036,Pedro Milans,3
2037,Hernán Rivero,0
2038,Gastón Vitancurt,0
2039,Gonzalo Latorre,0
2040,Darwin Nicolás Ávila Martínez,0
2041,Yonny Peralta,0
2042,Jhony Galli,0
2044,Santiago Ignacio Bueno Sciutto,0
2045,Nicolás Mezquida,1
2046,Juan San Martín,0
2047,Luis Martín Silva Perdomo,0
2048,Andrés Pereira,0
2049,Alejandro Furia,0
2050,Bruno Olivera,0
2052,Gonzalo Malán,0
2053,Juan Pablo Guardado,2
2054,Bruno Federico Barreto González,0
2055,Daniel Godoy,0
2056,Juan Manuel Ferrés Echavarren,0
2057,Germán Ferreira,0
2058,Mauricio Gómez,0
2059,Miller David Castillo Quiñónez,0
2060,João Neto,0
2061,Diego Fernández,0
2062,Gonzalo Carlos Castro Naime,0
2063,Juan Carlos Coyant,0
2064,Ariel Felipe Bonilla Jaramillo,0
2065,Maurizio Legnani,0
2066,Enzo Barrotti,0
2067,Pablo Pereira,0
2068,Paulo Altez,0
2069,Luis Roberto La Paz,3
2070,Eugenio Raúl De León,0
2071,Donato Araíz,0
2072,Amador Regueiro,8
2073,José Lizthermann,19
2074,Ismaél Montero,0
2075,Jesús Presa,0
2076,José Alberico Bordoli,0
2077,Baldomero Hidalgo,2
2078,Rodolfo Piñeyro,10
2079,Uribe Durán,0
2080,Juan Francisco Maldonado,0
2082,Julio César Pan,1
2083,Venancio Olivera,0
2084,Atahide Duarte,0
2085,Hermia Rodríguez,0
2086,Pedro Suárez,0
2087,Aldo Ramacciotti,0
2088,Antonio Álvarez,8
2089,Julio Varela,0
2091,José Ramón Cruz,5
2092,Vicente Mario Mauriño,0
2093,Raúl Franco,1
2094,Francisco Da Silva,0
2095,Atilio Gorni,0
2096,Carlos Vigliola,0
2097,Willy Píriz,0
2098,Emilio Ramos,0
2099,Matías González,0
2100,Fernando Silva,0
2101,Otto Giliberti,0
2102,Néstor Cerruti,1
2103,Basilio Georgieff,0
2105,Diego Luis Pereira,3
2106,Pedro Mazzullo,1
2107,Juan Luis Buzetti,0
2108,Juan Carlos González,2
2109,Raúl Meneses,0
2110,Dionisio Eguía,0
2111,Óscar Varela,9
2112,Ricardo Scapuccio,5
2113,Arístides Pittamiglio,3
2114,Alejandro Nicola,0
2115,Pascual Arturo Dibello,0
2116,Ramón Muniz,0
2117,Luis Ferrando,0
2119,Juan Carlos García,0
2120,Manuel González,0
2121,Pascual Desiderio,0
2122,Victorio Garibone,0
2123,Manuel Cenizzo,0
2124,Eduardo Castilla,7
2125,Miguel Salinas,0
2126,Héctor Gauna,0
2127,Omár Wins,0
2128,Morris,0
2129,Antonio Pérez,0
2130,Ricardo Silvera,1
2131,Felípe Santos,0
2132,Luis Villa,0
2133,Valentín Miraballes,0
2134,Lino González,0
2135,Julio Pajor,1
2136,Héctor Olímpico Argenti,0
2137,Washington Barrios,0
2138,Miguel Elena,0
2139,Luis Ómar Puime,0
2140,Foti Mosco,1
2141,Washington Sosa,0
2143,Mujica,0
2144,Julio César Quiroga,0
2145,Horacio Pietropinto,2
2146,Juan Goyeneche,2
2147,José María Rodríguez,0
2148,José Tognola,0
2149,Antonio Bruzzese,4
2150,Santiago Muiños,0
2151,Felipe Insargaray,1
2152,Juan Bixio,0
2153,Carlos Tosetti,0
2154,Juan Carlos Soria,0
2155,Atilio Berninzone,4
2156,Enrique Savio,0
2157,Bernabé Pons,2
2158,Ramón Valverde,0
2159,Adhemar Gallo,0
2161,Juan Perusso,0
2162,Anselmo Yamandú Fiorelli,3
2163,Portalupi,0
2164,Juan José Mora,1
2166,Mario Mederos,0
2167,Juan Nélson Novasco,0
2168,Luis Nelson Le Pera,0
2169,Heriberto de León,0
2170,Germán Aragonés,0
2171,Elbio Fierro,2
2172,Diego Carreras,0
2174,Domingo Di Martino,0
2175,Venancio Silver Bartibás Riquero,0
2176,Pablo Serrato,1
2177,Silvio Salles,3
2178,Lorenzo Hugo Ceschi,1
2179,Marcos Encina,0
2180,Cándido Badalá,0
2181,Conrado Haeberli,5
2182,Rafael Sansone,5
2183,Domingo Gentile,0
2184,Carlos González Alonso,0
2185,Damián Antonio Mapelli,0
2186,Leônidas Da Silva,3
2187,Fausto Batignani,0
2188,Alberto Berisso,0
2189,Oliver Icardi,21
2190,Pedro Aguirre,1
2191,Francisco Pedro Arispe,0
2192,Vicente Albanese,0
2193,Silvio Pirillo,24
2194,Raúl Cámpora,2
2195,Nicolás Roberto Orlando,27
2196,José Alberto Pérez,4
2197,Héctor Demarco,2
2198,Pablo Arbeloa,0
2199,Andrés Paz López,1
2200,Juan Vigo,0
2201,Carlos Morixe,1
2202,A. Baliani,1
2203,H. Barrionuevo,0
2204,Roberto González,4
2205,C. Ivaldi,0
2206,Nélson Dutra,0
2207,Juan Carlos Lallana,0
2208,Wilson Silveira,0
2209,Luis Fernández,0
2211,Félix Silva,0
2212,Arturo Naón,15
2213,Héctor Agustín García,1
2214,Gumersindo Puentes,0
2215,Narciso Rivero,0
2216,Lucídio Baptista Da Silva,1
2217,J. Freitas,0
2218,Ruben Latallada,0
2219,Enrique Wagner,0
2220,Naurelino Correa,1
2221,Enrique Nario,0
2222,Ary Giménez,0
2223,Alfredo Roa,0
2224,Luis Radiche,0
2225,Uruguay Sosa,1
2226,Alberto González,0
2227,Luis Alberto Arrieta Pérez,0
2228,Adolfo Viera,1
2229,Nelly Presa,2
2230,Juan Carlos Leiva,0
2231,Francisco Sinibaldi,0
2232,Julio Isnardi,0
2233,Juan José Pereira,0
2234,Wilfredo Eizaga,0
2235,Luis Collares,0
2236,Tomás Gottbiels,0
2237,Vicente González,2
2238,Miguel Ángel Mansilla,0
2239,Isabelino Ramírez,0
2241,Julio César Rodríguez Garay,4
2242,Juvencio Osorio,1
2243,Julio César Pereyra,0
2244,Victor Manuel Fernández,0
2245,Washington Osvaldo Aires Borba,0
2246,Walter Da Rosa,2
2248,Daniel Walter Cavallero,2
2249,Jorge Walter Barrios Balestrasse,0
2250,Carlos Javier Odriozola,0
2251,Julio César Maciel,0
2253,Amilcar Ferraz,0
2254,Juan José Romero,3
2255,Francisco Campo,0
2256,Vicente Estavillo,1
2257,Walter La Palma,1
2259,Juan Emilio Píriz,1
2260,Percy Sedgfield,0
2261,Peter Desham,0
2262,John Mac Gregor,0
2263,"Richard Burns - ""Doull""",0
2265,"John Burns - ""Doull""",1
2266,John Daniel Woosey,6
2267,George Hopkins,0
2268,Arthur William Davenport,3
2270,Herbert Sagehorn,0
2271,Julio Negrón,3
2272,José Francisco Arteaga,0
2273,N. Moger,1
2274,James Stewart,0
2275,William Leslie Poole,0
2276,Herbert Ernest Aubrey Craven,2
2277,Estefani Reis,0
2278,Luis Carlos Sauco,4
2279,Gastón Linares,0
2280,Gustavo Dalto,4
2281,Héctor Méndez,2
2282,Claudio David Di Pascua,0
2283,Julio César Sopeña,0
2284,Alvaro Generali,2
2285,Claudio Martins,2
2286,Jorge Omár Valdéz,0
2287,Fernando Javier Cabrera Franggi,1
2288,Mauro Paglione,0
2289,José Luis Rodríguez,0
2290,Francisco Martiarena,0
2291,José Bonelli,0
2292,Juan Bello,0
2293,Héctor Macchiavello,0
2294,Emilio Peduto,0
2295,Roque Tottene,1
2296,Dagoberto Sa Varalla,0
2297,Orlando Becoña,0
2298,Agustín Berdiñas,5
2299,Rigieri Rossi,0
2300,Tomás González,0
2301,Abel Hernández,2
2302,Gilberto Verdi,0
2303,Walter Hugo Clavarés,1
2304,Euclides Franco,1
2306,Luis Alvarez,0
2307,Luis Mercadal,0
2308,Rodolfo Carreras,0
2309,Fredesvindo Scarone,0
2310,Luis Onorato,0
2311,Modesto Ortiz,0
2312,Juan García,0
2313,Albano Loayza,0
2314,Carlos Risso,0
2315,Carlos Kerberg,2
2316,José Licio,6
2317,Juan Carlos Paz Sosa,0
2318,Abel Roux,1
2319,Rogelio Guarnieri,0
2320,Roberto Fonseca,1
2322,Héctor Romero,0
2323,Luis Minoli,0
2324,Eduardo Pissanes,0
2325,Eliseo Domínguez,0
2326,Héctor De los Santos,0
2327,Rodolfo Perreta,0
2328,Luis Pereyra,1
2329,Nelson Flores,6
2331,Arcy Correa,0
2332,A. Pereyra,0
2333,Pedro Petrone Schiavone,7
2334,Antonio Quagliatta,0
2335,Elías Dell' Avo,0
2336,Héctor Montero,0
2337,José Ramón Yanque,0
2338,Juan Carlos Benedussi,0
2339,Juan Etcheverry,0
2340,José Lamas (a prueba),1
2345,Isabelino Rodríguez,0
2346,Maldonado,0
2347,Julio Richieri,0
2349,Bergara,0
2350,Adolfo Erico,4
2351,Souza,0
2352,José María Villadóniga,0
2353,Oscar Díaz,2
2354,Héctor Donapetri,1
2355,Mendilarzu,0
2356,Eulogio Yaguno,0
2357,Bolívar Albistur,0
2358,Raúl Gotuzzo,3
2359,Bica,0
2360,Julio Rodas,1
2361,Antonio Azevedo,0
2362,Héctor Gualdoni,0
2363,Osvaldo Cluzet,0
2364,Blas Hipólito Baz Silva (jugador de Racing a préstamo),0
2365,Juan María Bermúdez,0
2367,Gustavo Castrillón da Cunha,0
2368,Marcelo Lancieri,0
2369,Fabián Costello,4
2370,Federico Agnese,3
2371,Andrés Mur,1
2373,Uberfil González,0
2374,Omar Tejera,0
2375,A. de Cicco,0
2377,Enrique Navarro,2
2380,Juan Mermies,0
2381,Eduardo Silvera,0
2382,Mario Da Cunha,0
2383,Néstor Cerqueiro,3
2384,Julio César Benavídez (a prueba),1
2385,Enrique Arregui,0
2386,César Tonar,0
2387,Julio Arriola,0
2389,Jorge Pereyra De los Santos,0
2390,Orlando Bugallo,0
2392,Jesús Quevedo,0
2393,Raúl Arándiga López,0
2394,Nicolás Panto,0
2395,Washington Pereyra,0
2396,Juan Francisco Medina,0
2397,Roberto Dutruel,0
2398,Antonio Amado,0
2400,Antonio Pelúa,0
2401,Luis Recalde,0
2402,Roberto Leopardi,0
2403,Juan José Rivero,0
2404,Juan Cavali,0
2405,Antonio Medrano,0
2406,Juan Mogordoy,0
2407,César Rodríguez Barboza,0
2409,W. Velázquez,0
2410,Juan Carlos Peón,0
2411,Ruben Pedrozo,0
2412,Julio Rosa,0
2413,Juan Richard Morán,0
2415,Héctor Arguello,0
2416,Santiago Homenchenko,0
2428,Luis Gualberto Maciel,0
2429,Antonio Soñora,0
2430,Luis Rivadavia,0
2431,Luis Angrisani,0
2432,Daniel Di Bartolomeo,0
2433,Alcides Gómez,0
2434,Carlos Apratto,0
2435,Luis Rocha,1
2436,Jorge Chessio,1
2437,Mario Areco,0
2438,Diroza,0
2439,Nélson Lacerda,0
2440,Euclides Sena,0
2441,Miguel Moreira,0
2442,Luis Mesa,0
2443,Miguel Plá,0
2444,Gomensoro,0
2445,Alberto Abelleira Silva,0
2446,Fernando Caballero,1
2447,Daniel Allende,0
2448,Antonio Falcón,0
2449,Jorge Sosa,0
2450,Alberto Moreno,0
2452,Zacarias,0
2453,Roberto Álvarez,1
2455,Eduardo Belza Franco,0
2456,Fredy Freire,0
2458,Luis Daniel Cupla Oviedo,1
2459,Gonzalo Vicente,0
2461,Fabián Alexander Díaz,0
2462,Fernando López,0
2463,Randall Rodríguez,0
2464,Lucas Graneri,0
2465,Bruno Javier Barbato Téliz,0
2466,Simón Rodríguez,0
2467,Martín Gambetta,0
2468,Marcelo Larrosa,0
2469,Daniel Grillo,0
2470,Juan José Bogado,0
2471,Víctor Amengual,0
2472,Marcelo Paglia,0
2473,Sergio Zamora,0
2474,Gonzalo Erik De Los Santos Olivera,0
2475,Marcos Patricio Camarda Télis,0
2476,Ángel Cardozo,0
2477,Fabián Ezequiel Borges De Los Santos,0
2478,Joaquín Darío Machado Arispe,1
2479,Carlos Andrés Jacques Coelho,4
2480,Fernando Rocha,0
2481,Oscar Alsina (a prueba),0
2483,Renato Ferreira (a prueba),0
2484,Sergio Acuña,1
2485,Antonio Zelenkov Silvestre (a prueba),1
2486,Miguel Filus,0
2487,Marcos Ramos,0
2488,Guillermo González,0
2489,José Constanzo,0
2490,Juan Manuel Rodríguez,0
2491,Lucas Pereira (a prueba),0
2492,Rodrigo Pollero,0
2493,Federico Omar Saroldi,0
2494,Luis Laurino,0
2495,Nelson Gargiullo,0
2496,Bruno Irigoin,0
2497,Elbio Garrasini,0
2498,Manuel Martins,0
2499,Ricardo Guido,0
2500,Mario Altamirano,1
2502,Juan Peratto,0
2503,Antonio Sacco,2
2504,Alfredo Kieffer,0
2505,Ángel Sánchez,0
2506,Martín Ricardo Broli Gorgoroso,1
2507,Alberto Martínez Píriz,1
2508,José Alberto Gómez,0
2509,Gustavo De Simone,0
2510,Héctor Viglio,0
2512,Juan Carlos Da Rosa,0
2513,Jean Belhot,0
2514,René Borjas (refuerzo de Uruguay Onward),0
2515,Agustín Héctor Castro Rodríguez (refuerzo de Lito),1
2516,Germán Montero,2
2517,Armand Doorn (a prueba),0
2518,Martin Duplex Kanga (a prueba),0
2519,Marciano Rolando Chilavert González (a prueba),1
2520,Nazaire Michel Tatap (a prueba),0
2521,Luis Ademir Silva,0
2522,Agustín Rodríguez Canobra,0
2523,Cristian Fabián Callejas Rodríguez (a prueba),0
2525,Matías Ferreira,0
2526,Luis Jaime,0
2527,Asdrúbal Rodríguez,0
2528,Héctor Biglio,0
2529,Alfred Herfield,0
2530,A. Blanco,0
2531,Jorge Chanes,1
2532,Sebastián Javier Rodríguez Iriarte,9
2534,P. Seoane,0
2536,Meirán,0
2537,Anderson Michael Bonette Rodríguez,0
2538,Manuel Souto,0
2539,Damián Costa,0
2540,Facundo Vega,0
2541,Simón Changa Bass,0
2542,Franco Natanel García,0
2543,Matías Alarcón,0
2544,J. Bonomi,0
2545,M. Mino,0
2546,Federico Antúnez,0
2547,Agustín Nadruz Blanco,0
2548,Miguel Merentiel,0
2549,Álvaro Acevedo Fagúndez Suárez,0
2550,Maximiliano Ramos,0
2551,Anyelo Rodríguez,0
2552,Júnior Núñez,0
2553,Cristian Martín Higuimaran Alegre,0
2554,Luis Iván Cartés Maidana,0
2555,Armando Méndez,0
2556,Maximiliano Silvera,0
2557,Jonathan Valle (a prueba),0
2558,Agustín Pírez,0
2559,Sergio Agustín Peralta,0
2560,A. Gardera,0
2562,Juan Antonio Peluffo,0
2563,Navarrón,0
2564,J. Gini,0
2565,Cabrera,0
2567,F. Varela,2
2569,Sebastián Hohl Lorenzo,0
2570,Diego Tabárez,0
2571,Cristian Álvez,0
2572,Axel Fernández,0
2573,Leonardo Henriques Coelho,3
2574,Mario Enrique Raffart,1
2575,Walter Orestes Rey,1
2576,Fabricio Méndez,0
2577,Celestino Tejera,0
2578,José Zaballa,0
2579,Richard Fabián Pérez Borges,2
2580,Elbio Maximiliano Álvarez Wallace,0
2581,Carlos Andrés Sánchez Arcosa,4
2582,Jorge Fleitas,0
2583,Bruno Martín Correa Araújo,0
2584,Emiliano Fernández,0
2585,Bruno Santos (a prueba),0
2586,Nelson Gabriel Samurio Cardozo,0
2587,Lucas Patricio Romano (a prueba),0
2588,Agustín Gutiérrez,0
2589,Ernesto Ezequiel Hernández Oncina,0
2590,Maximiliano López,0
2591,Pablo Adrián Castro Duret,0
2592,Olivieri,0
2593,Vila,0
2594,Casenave,0
2596,Severo,0
2597,Luis Cesano,0
2598,Gabriel Cabrera,0
2599,Federico Púa,0
2600,Claudio Etchechury,0
2601,Aníbal Gabriel Alcoba Rebollo,0
2602,Gastón Nicolás Balbuena Rieta,0
2603,Daniel Barreto,0
2604,Sebastián Schneider,0
2605,Paulo Toledo,0
2606,Raúl Andrés Tarragona Lemos,1
2607,Ramón Bucetta,0
2614,Horacio Finamore,4
2615,Aníbal Montero,0
2617,Jorge Milton Riveiro Cáceres,0
2618,Saccone,0
2625,Luis Alberto Francisco Larraura Alsina,0
2626,Jorge Roberto Enrico,1
2627,Federico Horacio Laens Martino,0
2628,Ricardo Cubilla Behr,1
2629,Octavio Luis Acquarone Salaberry,1
2633,Jhonny Mario Da Costa,0
2637,Roberto Figueroa,0
2638,Julio César Rivadavia,0
2639,Pablo Aniceto Dorado Gallinares,0
2642,Joaquín Ferreira Padilla,0
2643,Óscar José Cruz González,1
2644,Gonzalo Elliot,0
2645,Picarelli,0
2646,San Román,0
2647,José Arrico,0
2648,Douglas Matías Arezo Martínez,28
2649,Alvim,1
2650,Osmair Göebel (a prueba),0
2651,Jorge Miguel Buzeta,0
2652,Marc Hérdold Gracien,0
2653,Javier Quirino,0
2654,Ángelo Paleso,0
2655,Diego Cardozo Barboza,2
2656,Rodolfo Alejandro Azambuya Gularte,0
2657,Pablo Gastón Orsi,0
2658,Pablo Urtazú,0
2659,Lena,0
2660,Marotta,0
2661,Calzani,0
2662,Vanet,0
2663,Gil,0
2664,Rodríguez,0
2665,Roselló,0
2666,Ricardo Vallarino,2
2667,Faresse,0
2668,Lombardi,0
2669,Pedalino,1
2670,A. David,0
2671,Rozas,1
2672,Castro,0
2673,Diego Alejandro Rolan Silva,0
2675,Vicente Módena,2
2676,Alfredo Viera,0
2677,Arturo Souto,0
2678,Nerly Bueno,2
2679,Jorge Rama,0
2680,Diego Nicolás Ciz Vaz Torres,0
2681,Alfredo Chaia,0
2682,Jorge Ignacio González,0
2683,Esteban Jara,0
2684,Michael Edward Leal,0
2685,Joel Andrada,0
2686,Torrens,1
2687,Manzzini,1
2688,Lois,0
2689,Bruno Campolo,0
2692,Daniel Martínez,0
2693,Juan Píriz,0
2694,A. Berdias,0
2695,Fausto Broncini Su,0
2696,Sadi Couture,0
2697,Luis Morás,0
2698,S. Marco,0
2699,Pablo Caetano,0
2700,Juan Carlos Iraola Pereira,0
2701,Bruno Schieffer,0
2702,J. Parodi,0
2703,Andrés Madruga,0
2704,Nahuel Herrera,2
2705,Damián García,1
3706,Thomas Bowen Davies,5
3712,Guillermo Rafael de Amores,0
3714,Ángel González,0
3703,Eliseo Cuadra,0
3705,Bruno Emanuel Betancor Baeza,0
3707,Vito Fierro,1
3709,Braulio Guisolfo López,0
3715,José Pablo Neris Figueredo,3
3710,Santiago Nicolás Díaz Prado,2
3718,Camilo Sebastián Mayada Mesa,2
3716,Faustino Fernández,0
3719,Hugo Bera,2
3713,Ignacio Sosa Ospital,2
3711,Jorge Phoyú,0
3717,Mathías Agustín de Ritis,0
3723,Franco González Fernández,5
3722,Jorge Redes,0
3721,Julio Cassalino,0
3720,Julio Acosta,0
4718,J. Barreiro,0
4720,Nelson Romanelli,0
4721,Alberto Martínez,0
4719,Ramón Cabrera,0
4726,Diego Alejandro Sosa,1
4722,José Berta,0
4724,Francisco Fedullo,1
4723,Marcelo Javier Cabrera Rivero,7
4727,Washington Eduardo Darias,8
4731,Mesa,2
4734,Leonardo Cecilio Fernández López,33
4728,Maximiliano Joaquín Silvera Cabo,31
4733,Óscar Javier Méndez Albornoz,4
4729,Byron David Castillo Segura,0
4732,Nahuel Acosta Da Silva,2
4739,Santiago Miguel Benítez Hegui,0
4738,Guzmán Rodríguez Ferrari,2
4736,Edison Luciano González Ribeiro,0
5741,Martín Germán Gianoli Abellán,0
5742,Juan Camilo Sánchez,0
5739,Leonardo Exequiel Sequeira,7
5745,Martín Soria,2
5746,Leonardo Cardozo,0
5744,Martín Federico Coirolo Otero,0
5749,Matheus Barcelos da Silva,4
5750,Gerónimo Gómez,0
5751,Leandro Umpiérrez,3
5757,A. Vignart,0
5754,Julio García (a prueba),0
5758,A. Tejeiro,0
5756,S. Galvente,0
5752,Kevin Morgan,0
5762,Tomás Olase Curuchét,0
5765,Facundo Agustín Batista Ochoa,10
5759,A. Román,0
5753,Raúl Arias,2
5755,Percy Davidson Chater,1
5761,Robinson,0
5760,Edward Maitland Moor,2
5764,José M. Villarreal,0
5763,Germán Barbas Díaz,0
6765,Bartolomé Bolívar,0
6766,Jaime Báez Stábile,7
6767,R. Nogués,0
6768,Édison Latallada,0
6773,Juan Alberto Miramontes,0
6776,A. Hunt,1
6769,Adrian Marcos Fernández,0
6775,Rodrigo Pérez Casada,1
6770,Felipe Nicolás Avenatti Dovillabichus,1
6772,Diego Martín Méndez Correa,0
6771,Damián Nicolás Suárez Suárez,0
6779,Richard Nugent,0
6780,Raúl Fiorelli,1
6781,Álan Damián Medina Silva,2
7781,Juan José Peláez,0
7780,Ulises Borges,1
7787,James Marchbanks,0
7782,Javier Ponce,0
7785,William Jones,1
7788,Fitzhardinge Woodford Brooker,0
7790,Ernest Decurnex,0
7789,Henry Frederick Bonner,2
7791,J. Rouse,0
7792,Barker,0
7797,H. Gamon,0
7794,J. Clark,0
7798,David Ramsay,1
7793,Thomas William Thomas,0
7796,Gillespie,0
7795,Andrews Clark,0
7799,Warren,0
7800,Luckly,0
7802,Anderson,0
7801,G. Swiden,0
7803,Hooper,0
7804,Rubén Soria,0
8805,Diego Gonzalo García Cardozo,4
8808,Gastón Aléxis Silva Perdomo,0
8807,Juan José Fernández,0
8809,Martín Nicolás Campaña Delgado,0
8810,Alexander Nicolás Machado Aycaguer,2
8815,Héctor Daniel Villalba,4
8814,Lorenzo Couture Arraga,0
8812,Dilan Flores,0
8813,Kevin Rodríguez,0
8811,Agustín Rodrigo Rodríguez Piendibene,0
8822,Guzmán Verdias,0
8821,Walter Fernando Ibáñez Costa,0
8819,Vicente Darío Olivera da Rosa,0
8825,Freddy Gómez,0
8823,Ignacio Andrés Yepez Guzmán,0
8816,Eric Daian Remedi,2
8820,Hugo Castro,0
8824,Mauricio Tort Garrido,0
8817,Amaral Díaz,0
8827,Heber Saravia,0
8828,Ernesto Calistro,0
8834,Mateo Ureta Ferreira,0
8829,Juan Guardado,0
8831,Carlos Borges,0
8830,Hugo Álvarez,0
8826,José Borreani,0
8832,Facundo Álvez González,0
8833,Aclides Agustín González,0
8835,Marco Andrés Oroná López,0
8836,Deivid Stiven Muhlethaler Méndez,0
8841,Pablo Nogués,0
8840,Facundo Tealde Sassano,0
8842,Jonathan Soria,0
8838,Lucas Ibarra,0
8837,Estevan Andrés Pereyra Parama,0
8839,Brandon Emiliano Álvarez Da Luz,0
8843,Stéfano José Perdomo Pereyra,0
8844,Libis Andrés Arenas Murillo,0
8845,Fernando Leguizamón,0
8846,Juan Martín Rodríguez Camejo,0
8854,Gerardo Salgueiro,0
8848,Gonzalo Fernández,0
8853,Heber Machín,0
8850,José Luis Montañes,0
8847,Pablo David Trecco (a prueba),0
8849,Nicolás Pastorini,0
8851,Eduardo Segovia,0
8852,Gustavo Severo,0
8856,Abdulrasheed Mohammed Aliyu,0
8855,Olayinka Michael Kolawole,0
8860,M. Adam,0
8864,Costes,0
8863,Dembridge,0
8867,Beresford,0
8869,Offley Scoones,0
8868,Harold Percy Wright,0
8862,Carlos Sturzenegger,0
8858,Luis García,0
8866,Angus Duncan Dunbar,1
8859,Paddy,0
8870,W. Mac Cubbin,0
8873,Adam Hogge,0
8861,Ernest Osborne Crocker,0
8872,John Adam,0
8871,Juan Devohirst Hogge,0
8865,Arturo Davie,0
8875,M. González,0
8882,Polvorini (a prueba),0
8876,M. Ríos,0
8874,Gooms,0
8881,A. Silva,0
8879,Francisco Fones,0
8877,Luis Lamothe,0
8878,E. Robira,0
8885,Etcheverry,0
8884,A. Vergara,1
8883,Ricchi,0
8886,Other,0
8880,Barreta,0
8889,A. Levratto,0
8887,Contreras,0
8893,Somma,0
8890,Enrique Chiessa,0
8891,Ernesto Arioni,0
8896,Tottersan,0
8895,Anzuberro,0
8894,Carreras,0
8892,Arago,0
8888,Icasuriaga,0
8899,Viera,0
8902,Pastor Echinoppe,1
8897,Saavedra,0
8898,José Luna,0
8903,Miguel Benincasa,0
8905,Fredda,0
8904,Maggio,0
8900,Guellini,2
8906,Jerques,0
8901,Carazzans,0
8910,Flores,0
8913,Pedro Zingone,0
8917,Aizpur,0
8908,Boggiano,0
8916,Orizzia,0
8907,Felipe Mauri,0
8912,Villani,0
9892,Miguel Leva,0
9894,Nelson Castelucci,1
9897,Reisch,0
9900,Juan Santillán,0
9901,Godoy,0
9890,Domingo Barenchi,0
9895,Figueroa,1
9891,Josef Koreim,0
9893,Luis Brandón,0
9898,Brunereau,0
9899,Aster,0
9896,Luis Alberto Deagustini,0
9902,Juan Risso,0
9907,Apaulazza,0
9909,Morelli,0
9903,Mito,0
9906,Gerónimo Enciso,0
9910,Teodoro Pedroza,2
9911,Marquesano,0
9905,Ondino Victor Viera Freitas,0
9912,Olivera,0
9904,Carracedo,0
9915,Osvaldinho,0
9916,Smith,0
9913,Mario Luis Cozzolino Prisco,0
9908,Pucciarelli,0
9918,Francisco Ochiussi,0
9921,Anzueta,0
9917,De los Santos,0
9919,Luis Laxalde,0
9920,Luis Balparda,0
10922,Germinal Armelini,0
10927,Didier Borges,0
10928,Kristian Burgos,0
10926,Francisco Migales,0
10931,Chukwemeka Amakor,0
10933,Piendibene Cardozo,0
10923,Negreira,0
10934,Víctor Gallo,0
10924,J. Funes,0
10925,José Otegui,0
10929,Raúl Lema,0
10930,Tomás Bentancor,0
10932,Raúl Delle Ducca,2
10937,Andrés Acuña,0
10939,Jorge Armúa,0
10938,J. Lazcano,0
10942,Luis Fierro,1
10941,Luis Laidlaw,0
10935,Eduardo Freire,0
10940,José Gambetta,0
10943,José Lujambio,0
10946,Jorge Milatos,0
10951,Luis Lozada,0
10950,Pedro Bonomi,1
10949,Albérico Cuevas,0
10948,Rubén Maio,0
10952,Adolfo Mengler,0
10953,Pedro Pittamiglio,0
10944,N. Moreno,0
10945,Jorge La Paz,0
10947,Elías Bettega,0
10954,Walter Ballesteros,0
10957,Carlos Acevedo,0
10960,José Rodríguez,0
10958,Juan Martínez,0
10959,Rodolfo Olivera,0
10964,Fermín Héctor Albarracín,0
10955,Julio Fernández,0
10967,Walter Surraco,0
10970,Juan González Longeau,1
10969,Wenceslao Majewski,0
10971,Goncálvez,0
10962,Nelson Belén,0
10956,Carlos Romero,0
10963,Roland Moor,0
10968,Iris Cardozo,0
10966,Romualdo Pessina,0
10965,Manuel Gómez,1
10973,Rubí Mombelli,0
10974,Tulio De los Santos,0
10975,Roberto Santoro,0
10976,Fernando Varela,0
10978,Schenone,1
10972,Julio González Montemurro,0
10982,Hugo Daniel Quevedo Falcón,0
10979,Elbio Perdomo,3
10981,C. Rizzo,0
10980,A. Longo,0
10983,Juan Burgos,0
10984,Juan Geremías,0
10985,Gustavo Villasantes,0
10988,Raúl Álvarez,0
10987,Orlando Gutiérrez,0
10986,Paulo Mariani,0
10989,Hugo Melgarejo,0
10994,José Luis Pini,0
10996,Horacio Raúl Baldessari Guntero,0
10990,Jorge Filomeno,0
10993,Milton Pintos,0
10995,Fernando Menini,1
10991,Emanuel Gularte Méndez,1
10992,Víctor Rovella,0
11997,Washington Julio Rodríguez,1
11999,Fernando Arduino,1
11998,Ruben Sánchez,1
12002,Jorge Sánchez,0
12005,Raúl Álvarez,0
11996,Luis Catáneo,0
12001,Ricardo Davies,0
12000,Rijar Domínguez,0
12003,Eduardo Flores,0
12004,Ramón Núñez,0
12010,Ruben Bertín,0
12011,Juan José Mattera,1
12013,Ángel Calabria,2
12015,Juan Carlos Borteiro,1
12014,Eduardo De María,1
12018,Jorge Da Costa,0
12012,Julio César Rodríguez Duarte,0
12008,Nildo Núñez,0
12006,Ferreira,0
12009,Tenant,0
12017,Rubí Da Luz,0
12024,Jorge Leonardo García,1
12016,Gino Zanin,0
12020,Nelson Borderes,0
12021,Miguel Ibero,0
12022,José Franqui,0
12023,Carlos Jurado,0
12025,Juan Pérez,0
12026,J. De Biase,0
12027,Videla,0
12030,Jakob,0
12028,Oviedo,0
12029,Amaro,0
12031,Herrera,0
12032,I. Burgueño,0
12033,R. Matta,0
12036,Domingo Estéffani,0
12034,Brayan Josué Cortés Fernández,0
12035,Marcelino Ñamandú Arias (a prueba),0
12037,Roberto Escalante,0
12038,José Ross,0
12040,Arnoldo Labella,0
12043,Iván Morales,0
12046,Jorge Trianón,0
12047,Juan Labanca,0
12049,Oscar Murillo,0
12044,Alcides Tomás Bat,1
12041,Luis Alberto Aguerre,0
12048,Ruben Vigo,0
12045,Luis Angrissani,0
12042,Víctor Bataini,0
13045,G. Medina,0
13046,Eduardo Aguilar,0
13044,Sergio Cantellán,0
13051,Julio Moressi,0
13052,Granoche,0
13053,Abreo,0
13047,Miguel Álvez,1
13055,José Emilio Mitrovic,1
13054,Ovidio Pedernera,1
13048,Carlos Ravel,0
13049,Juan Carlos Gentini,0
13050,Luis Leandro Díaz Bidarte,0
13056,Pablo Joel Nongoy Sejas,0
13057,Roberto Giachini,0
13058,Walter Pinato,0
13059,Richard Forlán,0
13060,Hugo Silva,0
13062,Vaga,0
13061,Héctor Molina,0
14063,Raúl Curbelo,0
14065,Huelmo,0
14066,Añón,0
14062,Adhemar Beato,0
14064,Aldo Langone,0
14069,Bergamasco,0
14067,Finozzi,0
14072,Martín Garabedian,0
14068,Beltrán,0
14070,Edison Da Silva,0
14071,Mario Cor,1
14074,Jorge Cardaccio,0
14073,Jorge Martínez,0
14078,Jefferson Farías,0
14079,Joaquín Navarro,0
14075,Fernández,0
14077,Joaquín Amoedo,0
14076,Daniel Martínez,0
14084,Fredy Loustanou,0
14080,Néstor Melo Ferreira,0
14081,Yonathan Javier López Sabarros,0
14083,Jorge Restelli,0
14082,Gonzalo García,0
14086,Luquez,0
14090,Aguiar,0
14085,Oscar Rufinetti,0
14088,Edgardo Martínez,0
14095,Forlán,0
14089,Rosas,0
14087,Bongiovani,0
14091,Castro,0
14093,Claudio Lazcano,0
14094,Miguel Rodríguez,0
14092,Daniel Alzogaray,0
14096,Marcelo Barrutti (a prueba),0
15096,Adrián Romero,0
15098,Elio Rodríguez,0
15101,Pedro Ballestrino,0
15100,Víctor Rial,0
15105,Charquero,0
15095,Manuel Keosseián,0
15097,Wilson Lagos,0
15099,Daniel Sagioratto,0
15108,José Moreno,0
15109,Gustavo Cabrera,0
15113,Jorge Repetto,0
15104,Paulo Piris Santana,0
15114,Claudio Espinosa,0
15103,Seigal,0
15115,Palomeque,0
15106,Ferreira,0
15107,Luis Mesa,0
15110,Julio Abbadie,0
15111,Julio Nehúen Daguer González,0
15112,Néstor Fernández,0
15118,H. Swiden,0
15119,Roberto Daniel Pioli Hernández,0
15116,Malceñido,0
15121,Javier Delgado,0
15117,Valencia,0
15120,Leonardo Daniel Acosta (a prueba),0
15123,José Piñeiro,0
15124,Major,0
15125,José Gómez,0
15126,Rodolfo Clavijo,0
16126,César Cabrera,0
17127,Horacio Arispe,0
17126,Hebert De Britto,0
17128,Juan Azambuya,0
